employee_id,department,position,hire_date,productivity_score,quality_score,attendance_rate,teamwork_score,initiative_score,communication_score,problem_solving_score,adaptability_score,leadership_score,projects_completed,training_hours,overtime_hours,client_satisfaction,tenure_months,overall_performance_score,performance_grade
EMP0001,Finance,CFO,2021-02-24,62.62406965563217,65.48399451254635,85.68614606899806,82.59935984502347,55.447932460016645,65.2577540063169,69.19028262640639,82.72755691681829,41.32604438647891,5,25.18806786980977,0.2793500278041691,66.08434659701433,54,65.58212430115489,D
EMP0002,Product Management,Product Manager,2022-05-10,86.51606818330015,69.6087049584757,89.74237414752163,66.24672567761651,55.96261408808282,73.19892550762093,43.51903382763719,61.210478468165036,69.18593523788722,9,56.78851683948355,13.281218404154195,75.10905595733232,40,65.6810607435982,D
EMP0003,HR,HR Director,2021-02-28,80.02782014007069,76.48432560545517,88.84551292909461,75.75527213673402,84.03142851449984,58.886490192675524,97.7514628689415,74.07827863430742,65.87101418641721,7,63.84868772569177,19.422952626675055,90.8045416065384,54,76.61076153488769,C
EMP0004,Operations,Process Analyst,2025-02-11,62.70486264447244,81.90843098509374,76.9645447681062,91.36820313000126,66.54268178403866,73.13906799761762,75.96451696870255,72.50917639432437,51.16371769683539,6,29.770620000615665,13.023026347017538,80.17338606001505,6,71.91258220013577,C
EMP0005,Engineering,Software Engineer,2025-07-09,47.61257772341799,73.85691041135836,81.4829521482441,64.44472110062976,68.84723510333028,59.264674562803556,83.57382490550755,76.23851371249853,81.33501965934573,10,62.350269035643414,12.936613585475893,91.93767377676295,1,69.39668464736147,D
EMP0006,Engineering,Senior Engineer,2024-11-06,76.2005161545476,72.30661578200471,97.41833725854278,100.0,40.96788800163557,70.6578143906316,63.69103784790754,71.30340803605688,91.57617040507388,5,7.740897997941147,5.250700644777869,84.89609222128931,9,73.33793132723221,C
EMP0007,HR,Recruiter,2021-02-01,78.00675045424923,93.50658575812376,96.17994020103765,88.66446586928106,100.0,96.86269057161752,87.67920586403935,68.40475067358612,99.25894969171355,10,39.71298885248436,3.8438813950651185,77.20459406256296,55,89.04792486032633,B
EMP0008,Customer Support,Support Manager,2022-05-16,100.0,96.1330848256852,83.15016336985602,85.9425394570368,35.71678933282168,88.99476963275116,69.6557237086747,49.30480966501422,60.028753328137384,8,22.162631671235136,1.248261682117731,70.15011844713167,39,73.22205874376516,C
EMP0009,Operations,Process Analyst,2023-11-05,76.35257869520268,77.16511699597777,93.2056677228172,68.89020563085457,79.6279517506252,63.02991719142402,86.53972925570372,59.81428982785994,71.94071379312841,10,84.14478904590945,7.694053541041841,57.387704501705926,21,72.92006289259704,C
EMP0010,Product Management,Product Director,2025-04-14,90.30357317236876,79.03776878239601,91.36316309270343,55.90401267650206,74.65546587320092,61.63233206353864,91.55757353616129,66.64952030800849,75.22843436164345,8,48.39138532513838,1.7235402911589266,87.17459075315263,4,74.37108509672746,C
EMP0011,HR,HR Specialist,2023-03-02,100.0,86.60100824876156,93.7880036607166,75.44889029941379,72.21992458605774,64.41477441958247,60.49953879628789,48.338962875830454,52.11692025982312,5,58.48705491455385,1.5448955518553795,90.33601441587597,30,69.95500243571963,D
EMP0012,Engineering,Architect,2024-05-30,63.22269596131182,82.54219993345075,92.43432885709615,68.4015816917086,48.3328661184658,98.32097854716567,67.39646099564911,73.45370936872595,67.92469502867064,7,59.92149868597981,3.9725116532116953,80.10173282898383,14,71.19939845564355,C
EMP0013,Engineering,Senior Engineer,2024-07-21,54.2066224678058,70.30796781884504,94.41097316807202,87.67881986875159,72.43068647624479,84.11907481431415,52.0065240782094,96.3005401288419,57.38954128849596,9,38.654442250490746,6.646236327711548,107.47675143516379,13,71.80497211768858,C
EMP0014,Finance,Accountant,2020-10-05,73.97830004401082,88.44577223169131,84.41124687748338,88.03858025767394,73.96144892509565,79.75821690664215,74.41793695559176,92.68695809223759,65.00964675860199,7,48.62417139892895,3.2567787373533146,100.78910000865599,59,79.53710752144315,C
EMP0015,Engineering,Tech Lead,2025-03-18,79.26985835775085,76.13793685085157,79.29674272615726,67.19647085647611,56.60374040964871,88.62125240729654,59.447879750225425,93.78140715729552,59.263269417914145,16,32.61499255419514,15.180174726631456,133.6642028631328,5,72.54022690093235,C
EMP0016,Engineering,Tech Lead,2021-10-25,84.37763278169102,72.5823535467658,90.9272997696061,86.06040677658612,89.08362176399939,78.47050376338473,53.68709685289292,81.87541835331126,59.9302559216175,5,40.22511298799559,16.756457854372,105.42341935507348,46,75.75841122003108,C
EMP0017,Sales,Account Manager,2022-06-05,41.242330673981826,69.02506903366103,100.0,90.50666069982486,53.42479173152776,95.18881651217872,77.22900358526707,75.43084257881479,39.19266944715069,14,30.166536423283585,21.318579819332584,106.7886907758517,39,67.65502303280084,D
EMP0018,Customer Support,Support Specialist,2022-11-10,66.37680877383012,86.9435904767121,96.3478098772641,100.0,43.51673339810685,38.14768163081785,86.20834181579481,78.83942879705286,49.942400986985774,14,2.6572088555540248,10.485333132217233,75.39318534897785,33,68.74687323491254,D
EMP0019,Product Management,Senior PM,2021-10-19,68.54738811427322,91.65167533636249,87.96255959589156,75.25699960577562,76.46212154505169,76.31602052518427,61.863864763780896,73.54453657452974,61.705914856274674,7,51.38472015341868,20.748554190676764,88.37310278648827,46,73.16856516515408,C
EMP0020,Sales,Account Manager,2023-02-23,65.41632347271343,77.15737914223494,83.04323529674818,37.027085302160046,63.25470863745912,77.4547568626773,80.97252768215183,93.26226123189957,51.44580400828231,9,38.849657129239574,28.53108610291427,96.47872259224643,30,68.24885579244733,D
EMP0021,Marketing,Marketing Manager,2021-01-09,86.60402730068307,100.0,100.0,91.4040109561333,90.99779009559144,54.31547013774153,90.5581813120799,59.24572328960565,51.60706075289427,6,30.229493335502795,33.269490584021895,84.79602225139193,56,78.09153298059114,C
EMP0022,Sales,Account Manager,2025-02-07,92.79324887298863,87.74292402761091,99.10659553166705,97.04309198207014,69.24654579891897,72.73502827074941,76.43570440392239,63.003144891600016,21.31378287331171,8,71.90178729855269,6.4840486662291,73.25806131627647,6,72.53918389014652,C
EMP0023,Engineering,Tech Lead,2022-02-18,90.87570470553722,80.67954289469914,89.3989866191178,89.13585219291386,65.488109900293,98.07962253624817,68.4480977496356,95.91400217626777,56.02286208925034,7,39.2861846950283,5.033391371089882,77.31122818358077,42,80.58047428060564,B
EMP0024,HR,HR Manager,2023-11-01,87.2283867076514,82.05183486928946,95.69334630585807,50.98254162512577,60.47926478571831,76.81800296294168,57.63594805036422,66.70661358483761,97.49401986124124,11,65.1774751713022,8.426733477188474,91.71691519181188,22,72.42457655589621,C
EMP0025,HR,Recruiter,2021-09-15,73.1473110510312,89.1778784594675,97.19292655440654,73.37291210805918,52.509006475840295,49.217126408172916,69.08248887281317,52.074438919753035,46.17515479194924,5,31.978035374349595,2.0731913301886973,84.06456783680525,47,63.094539635885816,D
EMP0026,Operations,Operations Specialist,2024-04-03,78.30502443953438,73.90573551619782,92.20784039914734,66.93933831745393,87.49941820786722,74.87639157898502,55.84599227738853,89.99190341595983,43.90712533057804,11,33.21087483360369,4.613689726968534,83.73169961159151,16,71.4088661354956,C
EMP0027,Operations,Operations Manager,2025-05-29,46.937566465814896,97.72679119707925,83.53879623355085,53.865635188069874,68.05717090119184,92.20415708224931,52.51873577098693,93.47083747107496,82.2049846796749,9,32.143306503433514,2.9061935630813007,74.85383844336509,2,73.37323484451774,C
EMP0028,Marketing,Marketing Manager,2023-10-09,100.0,85.64127557105694,95.36353797782309,78.24767547302609,63.3746118892606,64.71995902787064,69.83426374647789,85.08662185917737,90.88451776395154,7,21.463702413301395,5.7688531842230395,102.74257324727574,22,79.72361566635264,C
EMP0029,Product Management,Senior PM,2020-09-02,55.13788217735922,77.02768493408004,87.5153627282282,83.05528632366891,94.32119577982075,72.81586533940148,82.2662742854272,94.65318597381581,38.5440729690033,9,28.196852569126666,1.2218824830720876,97.62548420123986,60,74.72768097282209,C
EMP0030,Finance,CFO,2021-09-05,69.03318790955794,93.06589231139195,96.24040773951167,97.22985120222188,65.86129116342806,56.98420500489629,64.55965949678995,59.16207341775737,70.25039556883077,7,37.03041290823705,0.3858852211016756,81.58120129344208,48,72.01831950935927,C
EMP0031,Product Management,Senior PM,2025-07-30,76.83601663138013,55.1542070333448,88.7268390685232,72.07399669641224,97.01771932900147,75.29188876820287,60.554233429708184,49.66337508051147,50.59863733515694,15,57.95851728491267,2.5245202354681395,71.51812308505072,0,67.14875928796477,D
EMP0032,Marketing,CMO,2020-10-10,67.84167204143796,84.40194193061834,92.5552554894641,62.24567937069061,74.46089259199931,68.28406190164772,36.717980215975864,75.15451611022698,56.46570071063214,11,57.49512720193095,23.930148077384665,99.88766246056298,59,65.69655560915362,D
EMP0033,Engineering,Software Engineer,2021-10-19,60.672073520450255,76.94035066401152,83.02822414155727,100.0,88.22261903670444,80.83932118977496,73.59097998501518,75.53974564505003,38.373322349902324,5,54.61713542101782,3.9684861953760917,96.76735768383372,46,74.27230154886358,C
EMP0034,HR,HR Manager,2023-07-12,78.15599574291812,80.25944744256536,100.0,78.49757450520904,100.0,85.17797125919091,60.015496330076076,89.6415904819793,71.06690816578416,8,27.302917635106205,16.401982309385552,77.74511816924051,25,80.35187299096538,B
EMP0035,Operations,Operations Specialist,2020-09-18,77.22895756745923,59.765438294468616,80.20123732884876,85.41940848613423,98.42291575973479,84.07583594446591,54.66378465107598,65.0283808041255,74.4322564759846,10,41.905588912238606,4.975822538552807,118.38894919785105,59,74.8796222479311,C
EMP0036,Product Management,Product Director,2020-12-30,74.37429778590536,86.12651359766441,81.59350580224371,87.00188178938245,90.87614066494488,86.71699977124788,57.19149927664453,92.1102819654905,75.67807085668002,4,27.448450730869958,10.345469420841022,76.6673308831325,56,81.259460713495,B
EMP0037,Customer Support,Team Lead,2023-05-10,62.72656440188243,87.90724436665299,98.12086215227839,87.4172843611932,69.01129690880819,92.95886432760015,67.19333723894192,82.30747447552076,70.52326780207935,10,31.168560558562028,6.849183365445791,109.38806994155014,27,77.50566673533487,C
EMP0038,Product Management,Senior PM,2024-01-08,73.59344192791143,90.75496513712234,81.45150548569576,92.15738442831162,64.0939051479159,81.80642654084161,89.56997555035998,49.108166027211794,100.0,10,46.28706119621875,3.590924527068852,84.22810393572094,19,80.13553309495933,B
EMP0039,Engineering,Tech Lead,2025-04-06,80.26380226879634,99.88892798308322,100.0,98.37963448077302,83.54519972176554,96.64704375116364,76.32782866857976,72.80859508916768,26.89809201793964,7,21.449359111043464,7.151359074586812,76.32730187073165,4,79.34489049765861,C
EMP0040,Customer Support,Support Manager,2025-07-26,44.30740513109761,90.40895764607005,99.81753397982708,87.80666250871965,49.58253043068673,75.2798712171773,54.762932779101,87.9475894445379,58.769298329443565,10,77.89052433158332,0.7330239878489355,84.8014744899265,0,68.60815593585423,D
EMP0041,HR,HR Director,2025-01-11,79.91973986998279,75.6024679494987,98.87777215331921,63.78003132836112,100.0,90.40177903356441,90.74220879262772,100.0,41.28873679419556,2,5.176059587847078,1.0709827375487027,82.05981998544033,7,80.21687047102878,B
EMP0042,Product Management,Senior PM,2021-10-02,71.30147535278624,69.6226141772749,83.95887483743178,65.63040622971958,73.36118842776678,67.15487395488628,99.62730698518394,75.28810876435459,62.845354325897816,7,45.53795220820549,16.203491963931814,93.62161991873914,47,73.10391602723375,C
EMP0043,Product Management,Product Director,2024-09-09,55.88514500257205,84.18380453420491,100.0,81.16030452605102,70.24718145178336,84.26881627503718,86.540312237339,55.20883934165661,82.86878074038486,7,19.318913263775364,4.064240592080191,64.8887937993697,11,75.04539801362863,C
EMP0044,Operations,Operations Manager,2023-09-11,89.50977724998106,74.13567253222537,91.39848942992747,71.64496347020146,65.8491624895946,67.19716167363887,75.9977761327573,86.13443243032962,100.0,8,30.477359436887937,1.632100992813652,89.71631016420869,23,78.80861824734103,C
EMP0045,Engineering,Tech Lead,2022-02-19,55.613388155656594,78.84344145661852,92.7421665410921,85.66847838447441,67.21586447832931,93.79198908131163,78.15728472430428,71.44839433096628,63.66527152705904,5,41.12669599389658,2.4682654714396053,77.9320546131702,42,74.30051401734,C
EMP0046,Finance,CFO,2022-11-15,78.77180568200288,90.28317366328565,96.90595150462491,96.59924486343277,81.3817887029315,78.19315715098573,100.0,61.99210702268605,74.60411595269987,9,53.07821790000853,15.173083746284991,79.98533295944075,33,82.72817412975306,B
EMP0047,Marketing,Marketing Specialist,2022-06-05,56.00500921232661,94.14385291902184,96.5169153014665,68.90849444472666,34.2229421818341,90.48341877463145,74.15010429229396,63.29345503532426,66.23069851013356,9,29.549698348463657,6.568864140652999,91.05401991165486,39,68.42974692128656,D
EMP0048,Product Management,Product Director,2022-11-07,77.64017440830594,86.01558059575368,93.0695112285956,79.59593152486568,71.65202493353324,59.35354267681904,62.403932193396294,44.77855390214225,71.2580586799353,9,18.68408467604122,33.96120755039641,68.54071138819978,33,69.08722486434392,D
EMP0049,Engineering,Senior Engineer,2022-10-24,76.54146698137161,89.24450210316195,80.86425130610907,73.16657103213839,56.15898554491227,57.39408222404428,96.7093238289601,78.18871949336851,47.47071297657317,6,37.68598891468333,1.319905386293455,77.81064094931588,34,71.85929552306628,C
EMP0050,Marketing,Marketing Specialist,2025-05-10,78.2354412516203,95.59578112357022,91.69572677303422,100.0,100.0,80.7796624211073,83.59871218350082,89.02222620989025,83.31938538908308,8,82.79892007362116,0.19778413400524955,92.58424079672771,3,88.81890107234649,B
EMP0051,Finance,Accountant,2022-02-25,65.58022568331388,67.82880369512097,86.11403888559755,70.8632825628395,80.45480740735798,65.70240557544204,78.13521307090927,71.64287347161657,87.13623640570496,6,25.993685811955057,30.372298524101833,99.47281293017605,42,73.41798098403815,C
EMP0052,Marketing,Marketing Specialist,2025-01-26,56.854762638657334,74.46723437384834,88.04040402767728,99.18701541043387,56.69399886289597,50.08898426753961,80.17934211624868,90.09211476225728,15.338046426662117,9,68.44620278010602,2.5174177285528687,90.44692508615505,6,65.3626873573179,D
EMP0053,Finance,Accountant,2024-05-26,67.98894584419098,88.18504607621108,97.020565331276,73.59774582427947,30.02690010542284,75.52488966452059,66.75374335083318,81.3015555011948,51.21097882541913,5,45.029603078476285,2.802049735130102,66.84306731312026,15,66.823725649009,D
EMP0054,Customer Support,Support Specialist,2024-10-15,63.33017858123763,59.67328353943381,84.41869075619172,74.3100874630755,81.95708791198459,55.776238830867584,55.3772598984021,97.32424623725328,81.78572377872462,7,27.61430541552909,11.501476557172268,98.19048281279561,10,71.19176328012239,C
EMP0055,HR,HR Manager,2022-10-03,90.6608266851276,93.6091806461162,95.31901368961705,78.77515265807186,59.2432624300316,65.73501471025028,75.55322043983747,45.24066750077364,56.58071654955862,7,30.76326938700225,28.8886898092887,97.41586521451636,35,70.6747552024709,C
EMP0056,Product Management,Product Director,2020-11-06,97.703923571774,89.68824238153314,96.79270007053982,60.811253502434,61.38759242647931,90.00808328525277,88.1417402391028,94.89763915590711,90.84519740753942,6,37.52144344787698,10.287573174953145,82.09599135809245,58,84.18545899625282,B
EMP0057,Engineering,Senior Engineer,2022-04-03,74.32936357684768,93.56536845719491,96.22703687624923,93.95069484566108,53.181272451357856,100.0,72.10754073645421,73.9603716643593,85.02319595890685,10,49.57221980089895,7.142319148307576,110.87299299030852,41,80.76472596134774,B
EMP0058,Sales,Sales Manager,2023-01-01,66.83398273315863,80.07151508130363,88.76461162336378,100.0,55.64602251839898,83.6251077544952,91.96588413686199,95.55718809176982,57.38520449210634,3,57.29890201867836,5.62079570874869,99.65769480644619,32,78.88561310101183,C
EMP0059,Customer Support,Support Manager,2021-03-27,58.36537354262818,73.09875860553106,100.0,86.84612600448877,90.49031580212021,63.71416047844035,83.79928520181795,68.0640002986648,43.03146140023612,6,62.32770320173309,4.7698968515885065,92.40337135122877,53,70.92618516674094,C
EMP0060,Marketing,CMO,2021-12-25,62.668367834207814,72.95358687244628,100.0,80.9262235178989,77.97752943286552,57.7195844629763,65.89255236612766,71.41889714059371,43.32338633756211,17,42.330375470078785,17.27545915245181,106.49522266578666,44,66.61001599558477,D
EMP0061,Marketing,Brand Manager,2024-07-22,99.2407501700544,76.01365589182377,93.62870917296509,43.67808852349755,57.884376564329656,78.51480494388866,64.04097064689945,56.40152418424835,62.48848493509386,8,25.930168449568892,8.617830497336593,78.6552058615558,13,67.28283198247946,D
EMP0062,Product Management,Senior PM,2024-04-10,58.3714278429712,83.37427650042052,97.15497224788493,81.1324650739614,96.62043688513457,57.10081903661759,71.89990153410187,78.66868799572262,69.6548664401043,5,15.574918382988454,0.09035798670066383,89.77839235569381,16,74.60286016362926,C
EMP0063,HR,HR Manager,2023-07-12,100.0,67.6179775253582,96.89226556358288,84.17163784280228,52.49775090529934,100.0,74.2458546801671,76.88794088702845,81.03324390781354,8,46.10258893631308,3.5390175704908,80.4693554353981,25,79.55680071855862,C
EMP0064,Product Management,Product Manager,2021-05-30,66.58868226561063,65.20938112220406,100.0,62.95618088985359,44.62335077547507,73.94963720351667,65.50377250596341,72.60093619949434,52.41645422095733,8,49.50000204903512,2.322984987497638,70.70218610099676,51,62.98104939788439,D
EMP0065,Product Management,Senior PM,2021-08-16,75.89672174929154,73.4895108473252,97.72214226178654,65.66360486257047,44.12111497279062,98.05921338044826,60.18349159832475,56.22215867464942,66.88027449862723,7,48.786134526754296,9.773908463289937,74.62778719542588,48,67.56451132300344,D
EMP0066,HR,HR Director,2024-12-25,89.1336972050483,95.16531649119337,86.45404326158088,86.38962805859177,52.86222566087551,66.20401829963424,70.74244701207101,82.37535681333726,70.85218765002094,10,50.240686647864784,12.213879023072895,72.29170245261784,8,76.71560964884655,C
EMP0067,Finance,Finance Manager,2025-01-17,44.38265028501101,91.94090788971451,65.55825863506281,72.49428071061922,46.218048543258504,79.04266207191087,87.71410383404606,65.61707668616783,65.2967971325735,10,54.90342425183272,8.186668123962436,93.05332110571013,7,69.08831589416269,D
EMP0068,Finance,Finance Manager,2023-10-10,100.0,59.58249186630694,74.65280278731193,100.0,68.50443243410746,63.13108598821796,54.89015303006818,86.69887045173184,49.189380720093915,11,25.28650528772127,5.0504022779234505,95.36484546236093,22,72.7495518113158,C
EMP0069,Engineering,Software Engineer,2023-06-01,75.41728902571242,58.770407127527704,100.0,94.52683295762938,97.44584486991491,68.99673189333903,74.62588649856639,80.04432020137824,65.02015598328765,8,55.308345002063454,12.51891412622124,85.11287481028845,27,76.85593356966946,C
EMP0070,Finance,Finance Manager,2023-03-06,73.46202103361809,54.74726768823664,92.46868798300704,77.49886513258579,65.21030755798778,60.200876632208185,81.91921426131321,81.1495878723131,78.40204067439524,7,41.53343544418552,1.9507896805350153,95.24586655699859,30,71.57377260658225,C
EMP0071,Customer Support,Support Manager,2024-04-07,78.06936038618714,94.9755610425945,92.90863247544374,82.13111010170115,91.19852113019385,87.83314268468796,38.545696055278775,81.75039007884695,34.31390362979435,12,45.222273501600206,0.11139369558980822,93.5360167451073,16,73.6022106386606,C
EMP0072,HR,HR Specialist,2023-12-26,75.55368228967961,81.61298249153197,77.23067313504636,88.37788532216044,72.39851201696965,89.74317027880467,66.86101891017361,68.91540566730862,68.32115798197503,5,34.125708079321285,39.55654904922624,80.4846436317775,20,76.47297686982544,C
EMP0073,Operations,Operations Manager,2024-11-16,75.0518646526233,63.48921865958016,100.0,81.58466196379592,100.0,86.2715856834386,74.78922977582639,100.0,82.67917950109303,4,45.127445290413334,2.085374709516454,103.43221230858835,9,82.98321752954467,B
EMP0074,Operations,Operations Manager,2023-05-04,49.1745347844324,91.13612236618414,100.0,80.8801676645923,80.37297744217582,68.4015609950827,96.92347134511327,77.2821674044033,51.139347004612326,10,11.661200383928389,5.646385058682242,94.56154203392424,28,74.41379362582454,C
EMP0075,Customer Support,Support Specialist,2025-03-02,100.0,58.513230492105706,100.0,70.038961565951,100.0,36.28237929715321,97.39155936506369,94.53126442214405,41.54925948288778,3,35.30920526640587,62.9652787496582,86.65092344894234,5,74.7883318281632,C
EMP0076,Engineering,Software Engineer,2024-08-25,63.06318200989667,51.32544880944249,73.88505017089864,100.0,54.18954536992828,95.80454738243043,78.30334300129152,60.198771446332564,56.81780279810751,12,42.928405589181644,8.971512108372172,74.92958482796445,12,69.96283010217869,D
EMP0077,Finance,Financial Analyst,2025-03-24,60.300536599788444,82.28725909560764,94.01683620007661,100.0,77.28652726238471,53.00914837500911,88.86385832997954,76.5081005420145,52.471999893254335,8,38.691875546783656,12.892039634072475,85.75398098372227,5,73.84092876225478,C
EMP0078,Product Management,Product Director,2025-02-09,70.2696462655862,79.17932917649247,85.3041442182981,81.79040611049422,89.7511643844393,45.48902473328185,100.0,68.3754635551662,40.612900639658505,13,29.79329125270826,16.081125165252914,77.56562232898013,6,71.93349185813985,C
EMP0079,Product Management,Senior PM,2021-10-23,86.30347979843913,100.0,100.0,48.41282980036917,57.64549912248399,57.40895779831929,100.0,58.42016084975411,44.470361670514464,14,27.955873911209768,13.944230686403326,81.05408614686418,46,69.08266112998501,D
EMP0080,Customer Support,Support Manager,2022-07-25,68.7977993998683,70.71157141402571,97.78194953750676,65.1222650533725,84.94857601180384,62.296021454590644,97.55753463140015,88.37170901510783,29.047471544531447,11,53.14369278621024,1.3369280182026786,53.65290037436116,37,70.85661856558755,C
EMP0081,Engineering,Tech Lead,2023-07-31,36.0866292135783,79.03943968449852,91.42514974369057,80.84363403117857,80.03151063096314,78.46225158924312,75.18401148799039,57.475314701755536,90.08274337395784,11,53.0156110809518,11.920524683828964,98.07732600573728,25,72.15069183914568,C
EMP0082,Operations,Process Analyst,2021-12-02,97.21705041007179,68.39854070556021,91.7860045231635,69.86731233446781,88.87386187542364,78.40451749887292,76.80771373232824,100.0,100.0,6,55.486151360729735,6.390073356188145,71.56559389663127,45,84.94612456959058,B
EMP0083,Product Management,Product Manager,2022-07-04,85.19218206671711,60.69038293315117,85.6765578516415,94.81380989926771,83.96183270426918,59.72119411253016,82.47200269456795,98.33080435898397,56.21722767487644,7,48.641405162366446,3.9441904943511954,50.557394924411135,38,77.67492955554546,C
EMP0084,Engineering,Senior Engineer,2022-04-02,79.23696433801464,85.7718359077118,93.31491329329208,87.34628880291936,87.08287673786079,73.62073056365833,76.05581309665794,76.44841738126364,50.348262094554165,8,40.16191219216891,2.9848804154900006,72.69485631847223,41,76.98889861533009,C
EMP0085,Operations,Operations Specialist,2022-09-02,80.89915828697536,67.69163111968992,92.45018920552295,71.58643556165946,73.93040005696552,80.30212449012066,93.94055432562146,88.07350928312708,58.3731232153957,6,34.51604928733897,25.63886207845274,110.96887386458772,36,76.84961704244441,C
EMP0086,Product Management,Senior PM,2024-08-11,63.9773987784385,95.28848021374873,89.13803304544263,65.55508411502635,78.33279093714081,78.83828163934002,41.46829110245054,74.99680727491531,76.2654265746763,7,29.703806489106682,14.135692428816851,100.233078322714,12,71.84032007946708,C
EMP0087,HR,HR Specialist,2024-08-01,86.98663907795176,86.04922762537241,91.47346887528421,82.38392781215991,63.965115272074144,54.03196285688455,75.69958296430232,83.94507175403913,54.544898811795804,9,40.39620251934705,1.9423721947222958,79.16355335746042,12,73.45080327182251,C
EMP0088,Operations,Operations Manager,2024-04-07,65.31138024290644,72.79214074812312,74.75725344333975,65.09872209960858,78.89577673784311,84.59121887118889,47.17995758081561,61.764936757718885,19.699406152527956,8,42.690247026613655,22.363423600681806,90.09603136666783,16,61.91669239884157,D
EMP0089,Sales,Sales Representative,2025-06-15,56.14509454319166,93.82025567563593,84.91617816188138,100.0,100.0,54.0574013858821,95.98436916149953,70.63690014764873,62.913840167213635,13,53.01612187022134,5.660989751895105,103.1817933218005,2,79.19473263513395,C
EMP0090,HR,Recruiter,2022-08-30,70.71643800064646,61.66695190703917,85.26651517277134,66.63052372936906,63.22863344732845,70.03546800964418,75.05172754881174,71.21979066549659,84.54459273373544,7,38.112533043409066,11.299824798541632,82.80191047260134,36,70.38676575525889,C
EMP0091,Marketing,CMO,2020-11-03,84.63771066692965,94.04501921681762,87.7083306430784,62.72258374684513,60.2271201579285,74.12481993708386,53.180532582457644,77.53575634629635,66.72816416871,7,41.51760847610055,2.1808483723432968,86.06985261551395,58,71.6502133528836,C
EMP0092,Sales,VP Sales,2025-03-16,84.01049125415149,100.0,86.0341980362117,81.07188610897092,61.844571790334435,71.23129259032562,83.1767025053745,74.01370020721552,51.58657139631553,5,59.09287927911259,4.302154032878071,74.11427315716725,5,75.866901981586,C
EMP0093,Marketing,Brand Manager,2021-05-23,78.89993254796542,68.70598926825497,100.0,71.26784666417922,78.79033864117675,74.18367306790665,80.7848811548072,57.21189081998759,25.273982162357193,6,34.944291511379916,18.530751297062817,75.45038976698146,51,66.88981679082939,D
EMP0094,HR,HR Director,2023-05-24,88.37404241134224,71.40038836751512,100.0,77.0870711526054,97.33735863090888,60.670833226194866,66.33887375474579,51.27528883050757,86.2862792334989,4,42.15992538278931,11.571247914889076,72.00898161886528,27,74.84626695091485,C
EMP0095,Sales,Sales Representative,2021-01-16,60.08239276408672,84.19550147107249,89.97418804256478,53.25997617374166,48.51382478066283,85.4384502415747,100.0,73.61884159304203,70.95319252199494,9,51.33226741873702,11.476789214269967,104.61120141318438,55,72.00777244327192,C
EMP0096,Product Management,Product Manager,2022-10-15,84.01917484233206,98.90455257481221,85.89251888358912,67.78692888850601,57.68092275733582,74.26545976585207,100.0,90.9392676539465,24.55435482502783,10,50.219152186946445,0.7851095344358074,79.09261192775206,34,74.76883266347657,C
EMP0097,Product Management,Senior PM,2021-07-10,45.9666036823814,98.78775006368011,96.92083969408067,98.49508889570475,62.03278034782633,54.977891072162045,41.68908448749348,91.53030425035206,50.55569263502528,5,49.621674478664964,19.663974194297122,87.13161465892027,50,68.00439942932817,D
EMP0098,Customer Support,Support Manager,2020-10-29,72.97705965282081,60.129270976233975,89.78007485313513,40.778306665340004,72.12711390570709,81.19891190094819,39.30792792264457,60.64333500323953,86.86390323552959,8,63.9094665210425,7.2606002214657615,80.92220099840941,58,64.25322865780797,D
EMP0099,Sales,Account Manager,2022-10-31,59.237121823669234,60.48186544320849,82.90744625555588,71.54905576081468,71.22223394191936,66.27612605078899,43.24419387776388,76.69166329305733,50.98043539157234,4,14.379126326920208,2.717776420079108,88.46287365556864,34,62.460336947849285,D
EMP0100,Finance,Finance Manager,2022-01-03,92.81307772230215,82.29473030111265,81.99908943488067,67.31829202984986,70.41454906885433,94.92889970066531,81.89152428886297,72.98724781125576,48.523201788303,9,38.76512000279467,17.194290979662515,87.4895250943808,44,76.39644033890075,C
EMP0101,Product Management,Product Director,2024-03-08,89.03244400976979,79.77190607469636,97.20396349552823,74.62367046468104,67.65374568362823,71.97752638443832,99.78617941177846,100.0,80.85615549914421,12,36.37946197986436,3.4633368720129525,73.122916001031,17,82.96270344101704,B
EMP0102,Marketing,Brand Manager,2021-02-06,84.61678729225599,83.37682789669421,94.52663974944679,63.29358477621662,90.31129144594118,82.81323572115397,93.70755580118411,34.28267505235798,50.25508223220973,5,36.033348979067675,24.398743336662072,87.66828634607057,55,72.83213002725172,C
EMP0103,Marketing,Brand Manager,2023-11-18,75.01779761672161,100.0,100.0,79.07576299539973,61.333795557272126,85.34145931033137,51.35813799528654,81.61207354831632,65.05125026619694,8,56.14475039690602,12.649716982891261,112.50550209689688,21,74.84878466119058,C
EMP0104,Product Management,Senior PM,2023-01-13,74.43070664663212,68.62810172962965,77.86785005594035,72.9342376586188,82.50409531703723,67.2812654929873,69.10342922104131,84.22817928159157,88.19748142623995,8,37.81541597267086,73.5427812975656,100.35528187055745,31,75.91343709672223,C
EMP0105,Operations,Process Analyst,2024-09-20,78.25134607879541,92.24470943435325,91.02156300802403,53.095872213910766,71.05712343907209,96.63991250985889,29.887534069515937,87.39130159367771,55.266342784076556,6,56.76869440335394,17.136812185211753,89.80043489047765,11,70.47926776540758,C
EMP0106,Product Management,Senior PM,2023-12-05,55.0060275168762,93.8203041950538,87.1495346206546,85.99031102017614,42.61743112208512,63.075120403658794,66.52072360287383,70.60730654595697,29.92505224302593,6,17.59840724194671,5.764870969402029,102.95810931226015,20,63.44528458121334,D
EMP0107,Sales,Sales Representative,2024-11-27,72.97111383614276,61.488823697882765,85.70950328383992,71.50249142079126,100.0,76.26748422345734,76.53137063926827,87.85974953700025,46.81925357248785,13,60.51892186596618,23.435125874827882,96.48153118406871,8,74.18003586587882,C
EMP0108,Marketing,CMO,2021-06-30,69.36731913408191,78.7740429810688,100.0,67.48707252017091,54.16138601492603,64.41430927335779,54.444145169437746,63.571578037307845,47.52604012441601,7,22.768512733318147,6.366303633335457,93.34904296265884,50,62.46823665684589,D
EMP0109,Finance,Finance Manager,2023-01-03,100.0,83.6240497177731,94.02574447802382,99.92254882938994,33.59355234194942,83.20461691222765,55.92207773491509,74.35924887902598,66.60419550721133,3,63.42612371636696,2.252420936827091,73.5922555386911,32,74.65378624031156,C
EMP0110,Operations,Operations Specialist,2022-07-19,100.0,58.98712161018616,84.69888659711529,53.82198327255151,29.13108272327335,70.29653239699849,84.3758768570654,64.61858535841205,54.75175912223817,9,59.291714027557674,12.505415865306958,92.52604108669206,37,64.49786766759064,D
EMP0111,Product Management,Senior PM,2024-10-26,74.85905133593693,86.42621903339763,96.6218995824418,91.28984831733223,54.100893373095225,52.574299523903306,70.64583036982332,80.83194148969814,98.30257556943778,11,52.88829376173048,20.661899474388026,74.71194798661391,10,76.12883237657806,C
EMP0112,Finance,CFO,2024-03-07,62.0277974369471,85.05533261135827,80.94363295666315,67.46339018631669,68.94998418808727,71.5554399774287,54.466694663340064,61.17708510212368,82.59062041654788,8,31.965630713065487,1.5913865801001408,86.42127571809394,17,69.1607930727687,D
EMP0113,Customer Support,Support Manager,2024-09-17,57.10615937314986,52.964890958498245,99.18695086511987,65.01384207033969,72.16262622717683,85.48036001270972,64.2417673867649,93.34560986297984,80.74430549778819,4,54.25989465472342,0.7685270033704636,89.00412165888656,11,71.3824451736759,C
EMP0114,Product Management,Product Manager,2023-03-21,61.89862253824065,87.53004601978567,89.4011834562202,55.28870241027125,37.76873908273501,59.41236737942535,58.55010687075869,78.2724340078778,29.47465335463646,10,26.40372494109367,4.576936689710193,85.00680594884982,29,58.52445895796635,F
EMP0115,Operations,Operations Manager,2022-09-24,82.47463990647775,78.49619231959402,91.94934450025717,93.27867947282601,29.23473545550261,56.43447604435495,50.894771966554714,81.34490533261568,91.25936406620343,8,43.03169148487152,4.202739930508108,78.00577968152274,35,70.42722057051614,C
EMP0116,HR,HR Specialist,2020-08-24,90.56144409183774,59.111263890018115,94.15522839006172,88.68062309739689,47.03220175073168,59.20677551509265,58.35700696337487,95.74404287248493,79.23827001841036,2,15.361783819353448,12.590173254329196,75.8538373741906,60,72.24145352491841,C
EMP0117,Sales,Sales Manager,2024-03-28,69.28682037891262,73.23387474523558,86.3041811378274,83.46354214738008,79.55691896074566,100.0,77.07556264758865,59.53391230574191,42.86622621014592,8,43.27052371233961,4.933202950958003,96.99595094311033,17,73.12710717446879,C
EMP0118,Product Management,Product Manager,2021-01-25,73.57288862404577,69.72843269943081,95.53916016226188,61.738314574664685,60.83970193075111,80.3260741125929,92.38026558884603,100.0,27.73122269181375,6,12.206489426650212,6.287734106001466,103.34582520411833,55,70.78961252776814,C
EMP0119,Marketing,Brand Manager,2021-08-12,55.78559150998045,73.91954647888022,85.9812469977042,92.5456442144243,67.35941958714176,53.803159865584284,49.45011291023938,100.0,46.96821842027954,10,40.75297656269834,9.162887756869857,87.04029755422467,49,67.47896162331624,D
EMP0120,Customer Support,Support Manager,2023-09-11,82.38030047765244,79.6184893775431,93.6217083623249,81.67074835888293,49.60311419083719,100.0,100.0,70.4689886372069,72.428211119279,2,44.15470364434258,7.234306608755823,90.80237037205784,23,79.52123152017519,C
EMP0121,Finance,CFO,2023-01-26,69.68227288358732,83.80719934136167,82.27097381906658,82.62382708982464,83.5758847697733,57.159543856488966,67.21807522916248,68.1303050001752,99.35125757493003,8,43.1568995140819,38.17433592196843,101.80812629404491,31,76.44354571816295,C
EMP0122,Marketing,Brand Manager,2024-10-29,81.79148670955087,65.86187198338305,74.62627775921254,83.84068241921264,50.44064769967841,48.01999151827462,78.77724484542506,100.0,77.01558251693695,10,8.262422373136186,3.638233280438976,79.43323169177451,9,73.2184384615577,C
EMP0123,Customer Support,Support Manager,2024-03-15,87.50992642331224,87.43388707404931,83.3244475023072,79.53139127054203,68.53231737794195,73.22942304080334,41.35139058337733,54.686134078575385,89.61717046115224,8,46.59117197628753,5.488213030312341,88.75174646004082,17,72.73645503871923,C
EMP0124,Operations,Operations Manager,2020-11-19,51.32608937816866,91.03523427132512,94.36075399553116,100.0,54.53525789831072,79.5761412728368,67.99270863289568,77.43738202000729,100.0,3,51.785809278607516,1.2905224589883635,72.12567252780593,57,77.73785168419303,C
EMP0125,Customer Support,Support Specialist,2024-11-02,74.63938485737002,75.20574576635194,83.0168714454185,82.02640611918861,83.24177206748381,94.5700687496278,34.436924132966965,76.41971219384644,73.35061309875867,10,66.79140751369309,7.097470262185758,64.8772657559774,9,74.23632837319929,C
EMP0126,Product Management,Product Director,2022-10-12,86.55493237897295,93.27890675259424,87.09554694074549,59.89361069240083,81.09279417440418,100.0,67.04314938573562,83.45097030421341,44.093406986402115,9,24.67588022323686,57.71573371737013,66.1607600791234,34,76.92597133434042,C
EMP0127,Engineering,Tech Lead,2024-12-31,74.31323346444128,85.46051822283272,90.52944886365394,88.26385547905018,100.0,84.7690838540699,92.76666984431928,67.42471650613174,68.36291757751478,10,54.07995941935249,16.59699710531199,96.81806413120191,7,82.67012436854498,B
EMP0128,Engineering,Senior Engineer,2025-06-14,64.02027825969719,67.60538816349802,91.18219653376552,70.92356172046325,44.7723836750658,59.88668299063919,58.56836815929306,53.70705951198053,65.42273801738345,8,26.233383873433496,2.1344637031562392,76.5763259196076,2,60.613307562252565,D
EMP0129,Engineering,Tech Lead,2023-05-19,52.443858819558,78.78629113203863,91.93005189565532,82.0549829758616,57.01707307713769,60.748096508881254,81.39190291311029,96.34674372100976,20.732119954983958,10,37.888349611085445,4.7628232127518295,71.73733979259278,27,66.19013363782265,D
EMP0130,Engineering,Tech Lead,2020-10-05,83.18217616525192,72.8242179836792,89.52045857805898,82.8548364548379,55.715297094303494,97.02308405550622,81.49430518021158,76.79340347901957,29.770023696212192,9,44.87212303480748,25.64539230981968,80.90402819896275,59,72.45716801362776,C
EMP0131,Engineering,Software Engineer,2023-12-31,59.182969152582196,92.49109924913697,97.65674680315182,78.95802319758775,87.13272328628202,69.08542734226515,90.5932476550859,69.7249155134016,71.00885094202128,1,31.941872151423787,5.172065064346436,89.00567039612886,20,77.27215704229536,C
EMP0132,Marketing,Brand Manager,2022-08-04,83.2778283672217,68.91600510295346,79.14063840749489,50.875735919688296,88.0879916059893,69.2704236220903,57.15836628535793,73.56210499806356,59.654577299702645,11,31.567336522972354,1.556683079558296,86.99612931913919,37,68.85037915013339,D
EMP0133,Sales,Sales Manager,2024-11-05,69.962640790926,78.2515995936989,100.0,91.84850377865723,76.92000762110658,63.45645596873554,63.32555801924026,79.16902342134729,62.44510311366635,7,16.373475520920866,9.503224269456679,95.21067167669645,9,73.17236153842228,C
EMP0134,Product Management,Product Director,2020-10-02,79.68694987124827,81.48711526912123,90.2793535630668,94.05874881205523,76.47220974626914,95.25865983540352,59.18666496389666,51.620757121235364,25.396051507809815,10,74.85880028154733,14.65219298146545,104.28930959064573,59,70.3958946408799,C
EMP0135,Engineering,Tech Lead,2024-12-25,70.56041082249442,76.38738139538916,72.84775985181415,88.43800822114562,78.96727785702917,79.75561546910953,87.87204119889257,77.07257961899309,64.63730380635339,7,19.002770773069404,8.99930312848026,85.10506121202603,8,77.96132729867588,C
EMP0136,Sales,Sales Representative,2022-01-12,100.0,68.89727713844132,89.41537918706923,69.72122148646775,46.54827849492932,88.82085985718919,55.029298958127654,62.10914994258231,61.577686602454655,8,27.11218348348528,12.830851778850054,62.66223520326636,43,69.08797156002402,D
EMP0137,Finance,Finance Manager,2024-11-07,78.01351744966249,79.25939452806385,87.84354965989728,85.15771423267005,61.65575798026126,52.97290204840262,77.56879272914041,100.0,73.04371146023628,10,10.580303206026652,2.256700528304627,91.78006276000454,9,75.95897380355463,C
EMP0138,Customer Support,Support Manager,2025-01-12,46.69333761565669,87.57152735659707,94.96075473220833,61.80358738563402,64.96975690686473,69.6782924358783,69.6171822258742,68.48688956230157,45.60426204032525,11,26.804378556722448,3.7169594153263725,91.89076902336804,7,64.30310444114147,D
EMP0139,Engineering,Software Engineer,2022-04-11,77.10400702033625,81.8692986517224,97.48941512455113,80.7210792069223,64.68265407845011,86.27982187095719,31.222178439113833,45.58088358049435,64.21179998119322,3,32.52580209233275,1.5870124070526321,89.38611468831175,40,66.45896535364871,D
EMP0140,Marketing,Brand Manager,2021-01-31,80.63572277699996,86.07037512296527,88.10361627895625,59.47033146624342,70.92940209630221,74.78723925729717,70.53583548633976,77.19465463573944,27.75466469763684,6,68.08928195230891,5.122512256540607,73.7364881828946,55,68.42227819244052,D
EMP0141,Finance,Finance Manager,2022-02-14,91.0622710415984,54.31150698351132,91.82314927841252,72.68670373410113,69.08216687947247,72.25826786387925,68.61141490442931,57.49132178351748,61.51962534942994,12,67.03218917231905,2.206771956124312,85.54558076998477,42,68.37790981749242,D
EMP0142,HR,HR Specialist,2022-01-10,84.69146809305533,73.6780240080072,89.56118077534364,83.0606639648146,55.75209466761003,65.56600751247649,70.65318648486156,92.73397462113752,57.93039101594414,9,46.402614430810786,18.6514024885831,85.85275817572072,44,73.00822629598835,C
EMP0143,Finance,Financial Analyst,2024-10-05,83.93327624951652,72.46817729871373,95.52403463140423,84.82569935349156,77.53902315104237,43.64783540697988,100.0,62.117829097455214,80.90362082486533,9,17.199326146056528,2.1150107469430006,93.3446204058691,10,75.67943267275808,C
EMP0144,Operations,Operations Specialist,2025-03-26,76.93626687000138,81.67055867187013,96.74856830431013,74.64432051390395,92.95707699462648,71.79387277573109,89.4862651405787,78.72920464834282,63.09130275730325,3,43.4160707581332,2.3145423264935374,56.31134275915285,4,78.66360854654471,C
EMP0145,HR,HR Specialist,2025-04-28,78.25462374594414,92.55035297416293,85.82452456307134,71.65125904488772,83.89153575143024,73.40381550511825,68.39754317439652,79.94441526328282,71.86461740395374,6,49.06266048182919,6.458648358363376,98.42478266405004,3,77.49477035789704,C
EMP0146,HR,HR Specialist,2022-12-16,71.35137862474257,84.38316016969341,83.24088491762647,76.45363467043535,48.07466986584902,65.96818609011392,100.0,89.57682061103267,48.53573071275511,7,56.4084730929158,15.263850126381426,70.79142056482486,32,73.04294759307776,C
EMP0147,Product Management,Senior PM,2024-04-30,86.36765257157964,68.51999712168703,89.03419462486923,94.74146120312325,82.09420702701878,78.05405994548136,96.24549243110621,58.20344579371438,73.05308901486765,5,55.9394359131803,13.320330115372734,103.80886027812383,15,79.65992563857229,C
EMP0148,Marketing,Marketing Manager,2023-08-02,75.46428682733003,83.14615874553743,92.25281773958514,67.36049077744241,82.63962588524278,100.0,57.079024011343336,70.20695450201744,84.09735979590405,4,61.618247446262245,5.403871587310743,80.10270875717477,25,77.49923756810219,C
EMP0149,Operations,Operations Specialist,2025-07-06,67.67552748725589,95.8235029661137,95.03183537117656,81.78554245231737,60.54932971238376,66.07373354148433,55.57366446565507,29.437157858042767,56.97168483995242,7,13.62413565905646,5.2182964654243325,80.42802266001655,1,64.23626791540066,D
EMP0150,Finance,Financial Analyst,2023-04-14,81.66144969535611,74.52668290431433,86.97023885075171,71.21927529903304,59.486266912007835,85.96025088428033,71.70771456000978,67.5395512973565,36.82881181019905,8,39.47934774336226,5.68509128253718,73.37615739014707,28,68.61625042031962,D
